,p_value,iterations,chi_sq_stat
4013010101,0.9999934092219194,13,41.00187612705007
4013010102,0.999995395249693,6,40.39244393557935
