,p_value,iterations,chi_sq_stat
4013010101,0.9999995787279057,13,36.702591117683816
4013010102,0.9999948258393735,6,40.58880255894632
